Filename,eTime
1.cpp,0.004999637603759766
10.cpp,0.004001140594482422
100.cpp,0.003999948501586914
101.cpp,0.004000186920166016
102.cpp,0.004999399185180664
103.cpp,0.003998517990112305
104.cpp,0.0040018558502197266
105.cpp,0.003999233245849609
106.cpp,0.004998922348022461
107.cpp,0.0060007572174072266
108.cpp,0.004997730255126953
109.cpp,0.006002187728881836
11.cpp,0.005022525787353516
110.cpp,0.0060002803802490234
111.cpp,0.005002021789550781
112.cpp,0.004998922348022461
113.cpp,0.004998922348022461
114.cpp,0.0039997100830078125
115.cpp,0.003992795944213867
116.cpp,0.004998445510864258
117.cpp,0.003999948501586914
118.cpp,0.005000114440917969
119.cpp,0.004016876220703125
12.cpp,0.003999471664428711
120.cpp,0.004000663757324219
121.cpp,0.005019664764404297
122.cpp,0.0069997310638427734
123.cpp,0.003997325897216797
124.cpp,0.004000663757324219
125.cpp,0.0039980411529541016
126.cpp,0.005001544952392578
127.cpp,0.005003690719604492
128.cpp,0.005997896194458008
129.cpp,0.005000114440917969
13.cpp,0.005001068115234375
130.cpp,0.004999637603759766
131.cpp,0.005002260208129883
132.cpp,0.004002094268798828
133.cpp,0.003998756408691406
134.cpp,0.004999637603759766
135.cpp,0.00500178337097168
136.cpp,0.003020048141479492
137.cpp,0.0029981136322021484
138.cpp,0.0049991607666015625
139.cpp,0.003998756408691406
14.cpp,0.00400090217590332
140.cpp,0.004002094268798828
141.cpp,0.003996849060058594
142.cpp,0.005998849868774414
143.cpp,0.005999088287353516
144.cpp,0.005997419357299805
145.cpp,0.005999326705932617
146.cpp,0.003998994827270508
147.cpp,0.005997896194458008
148.cpp,0.005000114440917969
149.cpp,0.004999399185180664
15.cpp,0.007002592086791992
150.cpp,0.006001949310302734
151.cpp,0.004999637603759766
152.cpp,0.004999637603759766
153.cpp,0.005999326705932617
154.cpp,0.00599980354309082
155.cpp,0.005016326904296875
156.cpp,0.0039980411529541016
157.cpp,0.004999399185180664
158.cpp,0.004998922348022461
159.cpp,0.00599980354309082
16.cpp,0.004000663757324219
160.cpp,0.003996610641479492
161.cpp,0.004999399185180664
162.cpp,0.0050029754638671875
163.cpp,0.0050013065338134766
164.cpp,0.004998922348022461
165.cpp,0.00500035285949707
166.cpp,0.004997968673706055
167.cpp,0.004999876022338867
168.cpp,0.0059969425201416016
169.cpp,0.004001617431640625
17.cpp,0.004998445510864258
170.cpp,0.006000518798828125
171.cpp,0.0040013790130615234
172.cpp,0.006000041961669922
173.cpp,0.006000041961669922
174.cpp,0.005001544952392578
175.cpp,0.00400090217590332
176.cpp,0.0050008296966552734
18.cpp,0.00500035285949707
19.cpp,0.005002021789550781
2.cpp,0.004004240036010742
20.cpp,0.003999948501586914
21.cpp,0.0039997100830078125
22.cpp,0.003999471664428711
23.cpp,0.0040454864501953125
24.cpp,0.0039653778076171875
25.cpp,0.004999399185180664
26.cpp,0.003998517990112305
27.cpp,0.004000663757324219
28.cpp,0.004999876022338867
29.cpp,0.004998683929443359
3.cpp,0.004002094268798828
30.cpp,0.004000663757324219
31.cpp,0.004000186920166016
32.cpp,0.003998517990112305
33.cpp,0.006000041961669922
34.cpp,0.007000923156738281
35.cpp,0.005999565124511719
36.cpp,0.0049974918365478516
37.cpp,0.004999876022338867
38.cpp,0.007002592086791992
39.cpp,0.004999399185180664
4.cpp,0.005999565124511719
40.cpp,0.004998922348022461
41.cpp,0.0060002803802490234
42.cpp,0.004998683929443359
43.cpp,0.005998849868774414
44.cpp,0.006999969482421875
45.cpp,0.005000114440917969
46.cpp,0.00600123405456543
47.cpp,0.00599980354309082
48.cpp,0.006003379821777344
49.cpp,0.0070002079010009766
5.cpp,0.0040035247802734375
50.cpp,0.005999326705932617
51.cpp,0.0050029754638671875
52.cpp,0.003999948501586914
53.cpp,0.006003141403198242
54.cpp,0.005000114440917969
55.cpp,0.006998777389526367
56.cpp,0.0060002803802490234
57.cpp,0.00400233268737793
58.cpp,0.004000663757324219
59.cpp,0.005000591278076172
6.cpp,0.0059986114501953125
60.cpp,0.0070002079010009766
61.cpp,0.007001161575317383
62.cpp,0.007010459899902344
63.cpp,0.004024028778076172
64.cpp,0.00599980354309082
65.cpp,0.005999088287353516
66.cpp,0.007002115249633789
67.cpp,0.006000995635986328
68.cpp,0.004999876022338867
69.cpp,0.005001068115234375
7.cpp,0.004998683929443359
70.cpp,0.006001472473144531
71.cpp,0.004997968673706055
72.cpp,0.004999637603759766
73.cpp,0.005999565124511719
74.cpp,0.003999471664428711
75.cpp,0.004999876022338867
76.cpp,0.0050008296966552734
77.cpp,0.0040013790130615234
78.cpp,0.003999233245849609
79.cpp,0.004997730255126953
8.cpp,0.004998922348022461
80.cpp,0.004000425338745117
81.cpp,0.003998279571533203
82.cpp,0.004999399185180664
83.cpp,0.003998994827270508
84.cpp,0.004999876022338867
85.cpp,0.004000663757324219
86.cpp,0.004001617431640625
87.cpp,0.003999948501586914
88.cpp,0.004002809524536133
89.cpp,0.003999948501586914
9.cpp,0.003999233245849609
90.cpp,0.0060007572174072266
91.cpp,0.005998849868774414
92.cpp,0.006999492645263672
93.cpp,0.006997823715209961
94.cpp,0.005995035171508789
95.cpp,0.006000041961669922
96.cpp,0.0060002803802490234
97.cpp,0.007001161575317383
98.cpp,0.0059986114501953125
99.cpp,0.00599980354309082
